{
  "train_loss": 0.6930310726165771,
  "train_loss_step": 0.6930961012840271,
  "train_metric": NaN,
  "train_metric_step": NaN,
  "grad_norm": 0.0006084689521230757,
  "grad_norm_step": 0.000531288213096559,
  "lr": 0.0010000000474974513,
  "lr_step": 0.0010000000474974513,
  "gpu_memory": 9.760733604431152,
  "gpu_memory_step": 9.77001953125,
  "val_loss": 0.6932259202003479,
  "val_loss_epoch": 0.6932259202003479,
  "val_metric": 0.003882739692926407,
  "val_metric_epoch": 0.003882739692926407,
  "val_epoch_loss": 0.693260908126831,
  "val_epoch_metric": 0.003882739692926407,
  "train_loss_epoch": 0.6930310726165771,
  "train_metric_epoch": NaN,
  "grad_norm_epoch": 0.0006084689521230757,
  "lr_epoch": 0.0010000000474974513,
  "gpu_memory_epoch": 9.760733604431152,
  "train_epoch_loss": 0.6930052042007446,
  "train_epoch_metric": NaN,
  "epoch": 97,
  "global_step": 1470
}